email,name,name_s,state_s
andrew@code.org,Andrew Oberhardt,Andrew Oberhardt,Washington
asher@code.org,Asher Kach,Asher Kach,Illinois
maddie@code.org,Maddie Mador,Maddie Mador,Seattle
brook@code.org,Brook Osborne,Brook Osborne,Utah (j/k)
